Workbook
Name ACTION: #REF!
Name ACTION: #REF!

Sheet Cover
B2: TEST REPORT DOCUMENT
A4: Project Name | B4: DroneOps Intelligence | E4: Creator | F4: Project team
A5: Project Code | B5: FA26SE238 | E5: Issue Date | F5: 46315
A6: Document Code | B6: FA26SE238_Test_Report_v0.1 | E6: Version | F6: 0.1
A9: Record of change
A10: Effective Date | B10: Version | C10: Change Item | D10: *A,D,M | E10: Change description | F10: Reference
A11: 46315 | B11: 0.1 | C11: Review 2 test design | D11: M | E11: Prepared project cases using the course template; all execution rounds Pending. | F11: Report 3 / Report 4 / Report 5

Sheet Test Cases
D1: TEST CASE LIST
B3: Project Name | D3: DroneOps Intelligence
B4: Project Code | D4: FA26SE238
B5: Test Environment Setup Description | D5: .NET 8 API; project Web build; disposable PostgreSQL schema; Chrome/Edge; scoped test accounts; controlled route, restriction, telemetry and provider fixtures.
B8: No | C8: Function Name | D8: Sheet Name | E8: Description | F8: Pre-Condition
B9: 1 | C9: Mission | D9: Mission | E9: Requirement-linked mission cases | F9: Controlled test environment and tagged build
B10: 2 | C10: Telemetry | D10: Telemetry | E10: Requirement-linked telemetry cases | F10: Controlled test environment and tagged build
B11: 3 | C11: Incidents | D11: Incidents | E11: Requirement-linked incidents cases | F11: Controlled test environment and tagged build
B12: 4 | C12: History | D12: History | E12: Requirement-linked history cases | F12: Controlled test environment and tagged build
B13: 5 | C13: AI | D13: AI | E13: Requirement-linked ai cases | F13: Controlled test environment and tagged build
B14: 6 | C14: Shared | D14: Shared | E14: Requirement-linked shared cases | F14: Controlled test environment and tagged build

Sheet Test Statistics
B1: TEST STATISTICS
B3: Project Name | C3: DroneOps Intelligence | E3: Creator | H3: Project team
B4: Project Code | C4: FA26SE238 | E4: Reviewer/Approver
B5: Document Code | C5: FA26SE238_Test_Report_v0.1 | E5: Issue Date | H5: 46315
B6: Notes | C6: Mission, telemetry, incidents, history, AI and shared functions. All cases are Pending; no execution results recorded.
B10: No | C10: Module code | D10: Passed | E10: Failed | F10: Pending | G10: N/A | H10: Number of test cases
B11: 1 | C11: ='Mission'!B2 | D11: ='Mission'!B6 | E11: ='Mission'!C6 | F11: ='Mission'!D6 | G11: ='Mission'!E6 | H11: ='Mission'!B4
B12: 2 | C12: ='Telemetry'!B2 | D12: ='Telemetry'!B6 | E12: ='Telemetry'!C6 | F12: ='Telemetry'!D6 | G12: ='Telemetry'!E6 | H12: ='Telemetry'!B4
B13: 3 | C13: ='Incidents'!B2 | D13: ='Incidents'!B6 | E13: ='Incidents'!C6 | F13: ='Incidents'!D6 | G13: ='Incidents'!E6 | H13: ='Incidents'!B4
B14: 4 | C14: ='History'!B2 | D14: ='History'!B6 | E14: ='History'!C6 | F14: ='History'!D6 | G14: ='History'!E6 | H14: ='History'!B4
B15: 5 | C15: ='AI'!B2 | D15: ='AI'!B6 | E15: ='AI'!C6 | F15: ='AI'!D6 | G15: ='AI'!E6 | H15: ='AI'!B4
B16: 6 | C16: ='Shared'!B2 | D16: ='Shared'!B6 | E16: ='Shared'!C6 | F16: ='Shared'!D6 | G16: ='Shared'!E6 | H16: ='Shared'!B4
C18: Sub total | D18: =SUM(D11:D16) | E18: =SUM(E11:E16) | F18: =SUM(F11:F16) | G18: =SUM(G11:G16) | H18: =SUM(H11:H16)
C20: Test coverage | E20: =IFERROR((D18+E18)*100/(H18-G18),0) | F20: %
C21: Test successful coverage | E21: =IFERROR(D18*100/(H18-G18),0) | F21: %

Sheet Mission
A2: Feature | B2: Mission | R2: Passed
A3: Test requirement | B3: UC-05–12 / MF1-CR-01–03 | R3: Failed
A4: Number of TCs | B4: =COUNTA(A12:A23) | R4: Pending
A5: Testing Round | B5: Passed | C5: Failed | D5: Pending | E5: N/A | R5: N/A
A6: Round 1 | B6: =COUNTIF(F12:F23,"Passed") | C6: =COUNTIF(F12:F23,"Failed") | D6: =COUNTIF(F12:F23,"Pending") | E6: =COUNTIF(F12:F23,"N/A")
A7: Round 2 | B7: =COUNTIF(I12:I23,"Passed") | C7: =COUNTIF(I12:I23,"Failed") | D7: =COUNTIF(I12:I23,"Pending") | E7: =COUNTIF(I12:I23,"N/A")
A8: Round 3 | B8: =COUNTIF(L12:L23,"Passed") | C8: =COUNTIF(L12:L23,"Failed") | D8: =COUNTIF(L12:L23,"Pending") | E8: =COUNTIF(L12:L23,"N/A")
A10: Test Case ID | B10: Test Case Description | C10: Test Case Procedure | D10: Expected Results | E10: Pre-conditions | F10: Round 1 | G10: Test date | H10: Tester | I10: Round 2 | J10: Test date | K10: Tester | L10: Round 3 | M10: Test date | N10: Tester | O10: Note
A11: Mission functions
A12: TC-M01 | B12: Create Draft mission | C12: Authenticate assigned Operator; create named mission with valid UAV, route and schedule; reload. | D12: Same persisted mission ID with ordered route; no automatic approval. | E12: Tagged test build; scoped identities; controlled fixtures; required implementation available. | F12: Pending | I12: Pending | L12: Pending | O12: UC-05–12 / MF1-CR-01–03 | Integration | High
A13: TC-M02 | B13: Every accepted edit reaches Manager | C13: Edit Draft or Rejected mission; save accepted metadata/waypoints; open scoped Manager queue. | D13: Pending request visible with proposed content and validation result; current content not applied before approval. | E13: Tagged test build; scoped identities; controlled fixtures; required implementation available. | F13: Pending | I13: Pending | L13: Pending | O13: UC-05–12 / MF1-CR-01–03 | Integration | High
A14: TC-M03 | B14: Reject update of Approved mission | C14: Record approved mission content/status; save changed name/route; Manager rejects with reason; reload in both roles. | D14: Existing metadata/waypoints and Approved status unchanged; rejected request and reason visible. | E14: Tagged test build; scoped identities; controlled fixtures; required implementation available. | F14: Pending | I14: Pending | L14: Pending | O14: UC-05–12 / MF1-CR-01–03 | Integration | High
A15: TC-M04 | B15: Approve update of Approved mission | C15: Submit changed name/route; obtain current passing validation; Manager approves exact request; reload. | D15: Same mission ID now contains accepted metadata/ordered route; decision/request closed atomically. | E15: Tagged test build; scoped identities; controlled fixtures; required implementation available. | F15: Pending | I15: Pending | L15: Pending | O15: UC-05–12 / MF1-CR-01–03 | Integration | High
A16: TC-M05 | B16: Failed validation blocks approve | C16: Propose route with violating segment; inspect findings; attempt Manager approval. | D16: Request visible for review, actionable findings; approval denied; current content unchanged. | E16: Tagged test build; scoped identities; controlled fixtures; required implementation available. | F16: Pending | I16: Pending | L16: Pending | O16: UC-05–12 / MF1-CR-01–03 | Integration | High
A17: TC-M06 | B17: Incomplete evidence blocks approve | C17: Make restriction/altitude reference unavailable; validate; attempt approval. | D17: Incomplete/error shown, never pass; no applied mutation. | E17: Tagged test build; scoped identities; controlled fixtures; required implementation available. | F17: Pending | I17: Pending | L17: Pending | O17: UC-05–12 / MF1-CR-01–03 | Integration | High
A18: TC-M07 | B18: Restriction changes invalidate evidence | C18: Validate proposal; change active restriction revision; attempt approve using earlier run. | D18: Stale result rejected or revalidation required; no earlier pass reused. | E18: Tagged test build; scoped identities; controlled fixtures; required implementation available. | F18: Pending | I18: Pending | L18: Pending | O18: UC-05–12 / MF1-CR-01–03 | Integration | High
A19: TC-M08 | B19: Conflict and repeated decision | C19: Approve request; retry same decision and attempt opposing rejection / old pending request. | D19: No duplicate/conflicting terminal decision or silent overwrite; documented idempotent result or 409. | E19: Tagged test build; scoped identities; controlled fixtures; required implementation available. | F19: Pending | I19: Pending | L19: Pending | O19: UC-05–12 / MF1-CR-01–03 | Integration | High
A20: TC-M09 | B20: Waypoint/segment geometric validation | C20: Use outside coordinate range, empty route, crossing segment with endpoints outside zone and boundary-touch fixture. | D20: Malformed input rejected; segment violation detected; boundary and altitude policy follow configured confirmed rules. | E20: Tagged test build; scoped identities; controlled fixtures; required implementation available. | F20: Pending | I20: Pending | L20: Pending | O20: UC-05–12 / MF1-CR-01–03 | Integration | High
A21: TC-M10 | B21: Cross-scope permission | C21: Use another Operator token for detail/update/history/validation; use Operator for approve/reject. | D21: 403/404 as defined; no data exposure or mutation. | E21: Tagged test build; scoped identities; controlled fixtures; required implementation available. | F21: Pending | I21: Pending | L21: Pending | O21: UC-05–12 / MF1-CR-01–03 | Integration | High
A22: TC-M11 | B22: Cancel before execution | C22: Cancel eligible plan with reason; then attempt cancellation during execution and approve old pending update. | D22: Eligible cancel recorded; executing cancel denied; cancelled mission cannot receive stale proposal application. | E22: Tagged test build; scoped identities; controlled fixtures; required implementation available. | F22: Pending | I22: Pending | L22: Pending | O22: UC-05–12 / MF1-CR-01–03 | Integration | High
A23: TC-M12 | B23: Atomic rollback on apply failure | C23: Inject persistence failure between metadata and waypoint replacement; approve in disposable DB fixture. | D23: Transaction rolls back content/request/decision consistently; original mission remains intact. | E23: Tagged test build; scoped identities; controlled fixtures; required implementation available. | F23: Pending | I23: Pending | L23: Pending | O23: UC-05–12 / MF1-CR-01–03 | Integration | High

Sheet Telemetry
A2: Feature | B2: Telemetry | R2: Passed
A3: Test requirement | B3: UC-13–14 / MF2-CR-01 | R3: Failed
A4: Number of TCs | B4: =COUNTA(A12:A19) | R4: Pending
A5: Testing Round | B5: Passed | C5: Failed | D5: Pending | E5: N/A | R5: N/A
A6: Round 1 | B6: =COUNTIF(F12:F19,"Passed") | C6: =COUNTIF(F12:F19,"Failed") | D6: =COUNTIF(F12:F19,"Pending") | E6: =COUNTIF(F12:F19,"N/A")
A7: Round 2 | B7: =COUNTIF(I12:I19,"Passed") | C7: =COUNTIF(I12:I19,"Failed") | D7: =COUNTIF(I12:I19,"Pending") | E7: =COUNTIF(I12:I19,"N/A")
A8: Round 3 | B8: =COUNTIF(L12:L19,"Passed") | C8: =COUNTIF(L12:L19,"Failed") | D8: =COUNTIF(L12:L19,"Pending") | E8: =COUNTIF(L12:L19,"N/A")
A10: Test Case ID | B10: Test Case Description | C10: Test Case Procedure | D10: Expected Results | E10: Pre-conditions | F10: Round 1 | G10: Test date | H10: Tester | I10: Round 2 | J10: Test date | K10: Tester | L10: Round 3 | M10: Test date | N10: Tester | O10: Note
A11: Telemetry functions
A12: TC-T01 | B12: Accept normalized telemetry | C12: POST valid mission/UAV sample using integration credentials; get latest. | D12: Sample persisted; source and receive times retained; authorized latest matches newest valid projection. | E12: Tagged test build; scoped identities; controlled fixtures; required implementation available. | F12: Pending | I12: Pending | L12: Pending | O12: UC-13–14 / MF2-CR-01 | Integration | High
A13: TC-T02 | B13: Idempotent replay | C13: POST same idempotency key twice. | D13: No extra persisted duplicate or repeated incident for replay. | E13: Tagged test build; scoped identities; controlled fixtures; required implementation available. | F13: Pending | I13: Pending | L13: Pending | O13: UC-13–14 / MF2-CR-01 | Integration | High
A14: TC-T03 | B14: UAV association mismatch | C14: POST sample with mission assigned to different UAV. | D14: Rejected with contract error; no corrupted latest projection. | E14: Tagged test build; scoped identities; controlled fixtures; required implementation available. | F14: Pending | I14: Pending | L14: Pending | O14: UC-13–14 / MF2-CR-01 | Integration | High
A15: TC-T04 | B15: Out-of-order / invalid sample | C15: Send older sample after newer one; send invalid coordinate/time/metric fixture. | D15: Historical/invalid policy explicit; valid latest does not move backward; unknown values never become zero. | E15: Tagged test build; scoped identities; controlled fixtures; required implementation available. | F15: Pending | I15: Pending | L15: Pending | O15: UC-13–14 / MF2-CR-01 | Integration | High
A16: TC-T05 | B16: Snapshot and reconnect | C16: Open SSE as authorized user; disconnect; reconnect and reload latest. | D16: Current snapshot restored; stale/offline state accurate; no claim of durable cursor replay without support. | E16: Tagged test build; scoped identities; controlled fixtures; required implementation available. | F16: Pending | I16: Pending | L16: Pending | O16: UC-13–14 / MF2-CR-01 | Integration | High
A17: TC-T06 | B17: Cross-scope stream | C17: Request other Operator mission latest/stream/incidents. | D17: Access denied, no telemetry or incident evidence leaked. | E17: Tagged test build; scoped identities; controlled fixtures; required implementation available. | F17: Pending | I17: Pending | L17: Pending | O17: UC-13–14 / MF2-CR-01 | Integration | High
A18: TC-T07 | B18: Communication loss with no new packet | C18: Stop simulator samples beyond configured threshold without sending another packet. | D18: Background timer creates one loss episode/alert; repeated timer ticks deduplicate. | E18: Tagged test build; scoped identities; controlled fixtures; required implementation available. | F18: Pending | I18: Pending | L18: Pending | O18: UC-13–14 / MF2-CR-01 | Integration | High
A19: TC-T08 | B19: Realtime measurement | C19: Replay defined sample volume on recorded hardware; timestamp ingestion, persistence, event receipt. | D19: Capture p50/p95 latency, loss and duplicates with build/environment; compare only against supervisor-confirmed targets. | E19: Tagged test build; scoped identities; controlled fixtures; required implementation available. | F19: Pending | I19: Pending | L19: Pending | O19: UC-13–14 / MF2-CR-01 | Integration | High

Sheet Incidents
A2: Feature | B2: Incidents | R2: Passed
A3: Test requirement | B3: UC-15–16 / MF2-CR-02 | R3: Failed
A4: Number of TCs | B4: =COUNTA(A12:A17) | R4: Pending
A5: Testing Round | B5: Passed | C5: Failed | D5: Pending | E5: N/A | R5: N/A
A6: Round 1 | B6: =COUNTIF(F12:F17,"Passed") | C6: =COUNTIF(F12:F17,"Failed") | D6: =COUNTIF(F12:F17,"Pending") | E6: =COUNTIF(F12:F17,"N/A")
A7: Round 2 | B7: =COUNTIF(I12:I17,"Passed") | C7: =COUNTIF(I12:I17,"Failed") | D7: =COUNTIF(I12:I17,"Pending") | E7: =COUNTIF(I12:I17,"N/A")
A8: Round 3 | B8: =COUNTIF(L12:L17,"Passed") | C8: =COUNTIF(L12:L17,"Failed") | D8: =COUNTIF(L12:L17,"Pending") | E8: =COUNTIF(L12:L17,"N/A")
A10: Test Case ID | B10: Test Case Description | C10: Test Case Procedure | D10: Expected Results | E10: Pre-conditions | F10: Round 1 | G10: Test date | H10: Tester | I10: Round 2 | J10: Test date | K10: Tester | L10: Round 3 | M10: Test date | N10: Tester | O10: Note
A11: Incidents functions
A12: TC-I01 | B12: Rule thresholds and null values | C12: Use below/equal/above boundary battery/altitude/speed fixtures, then null values. | D12: Unit/reference-aware rules; missing value suppresses that rule with diagnostic; thresholds configurable. | E12: Tagged test build; scoped identities; controlled fixtures; required implementation available. | F12: Pending | I12: Pending | L12: Pending | O12: UC-15–16 / MF2-CR-02 | Integration | High
A13: TC-I02 | B13: Episode deduplication and recovery | C13: Repeat same abnormal condition then recover and trigger a new episode. | D13: One incident per episode; new incident only after documented recovery rule. | E13: Tagged test build; scoped identities; controlled fixtures; required implementation available. | F13: Pending | I13: Pending | L13: Pending | O13: UC-15–16 / MF2-CR-02 | Integration | High
A14: TC-I03 | B14: Frozen evidence | C14: Create incident; ingest new telemetry; inspect incident details. | D14: Source evidence stays frozen and timestamped; live changes do not rewrite it. | E14: Tagged test build; scoped identities; controlled fixtures; required implementation available. | F14: Pending | I14: Pending | L14: Pending | O14: UC-15–16 / MF2-CR-02 | Integration | High
A15: TC-I04 | B15: Acknowledge | C15: Authorized Operator/Manager acknowledges Open incident; retry. | D15: Actor/time/event recorded; no duplicate event or conflicting state. | E15: Tagged test build; scoped identities; controlled fixtures; required implementation available. | F15: Pending | I15: Pending | L15: Pending | O15: UC-15–16 / MF2-CR-02 | Integration | High
A16: TC-I05 | B16: Manager resolve with reason | C16: Try Operator resolve; Manager missing reason; Manager valid reason. | D16: Operator denied; missing reason rejected; valid Manager transition Resolved with immutable timeline. | E16: Tagged test build; scoped identities; controlled fixtures; required implementation available. | F16: Pending | I16: Pending | L16: Pending | O16: UC-15–16 / MF2-CR-02 | Integration | High
A17: TC-I06 | B17: Durable alerts and filters | C17: Open incident list with paging/filter; disconnect alerts client; reconnect. | D17: Scope-correct stable results; persisted alert links to incident and survives reconnect. | E17: Tagged test build; scoped identities; controlled fixtures; required implementation available. | F17: Pending | I17: Pending | L17: Pending | O17: UC-15–16 / MF2-CR-02 | Integration | High

Sheet History
A2: Feature | B2: History | R2: Passed
A3: Test requirement | B3: UC-17–18 / UC-22 | R3: Failed
A4: Number of TCs | B4: =COUNTA(A12:A15) | R4: Pending
A5: Testing Round | B5: Passed | C5: Failed | D5: Pending | E5: N/A | R5: N/A
A6: Round 1 | B6: =COUNTIF(F12:F15,"Passed") | C6: =COUNTIF(F12:F15,"Failed") | D6: =COUNTIF(F12:F15,"Pending") | E6: =COUNTIF(F12:F15,"N/A")
A7: Round 2 | B7: =COUNTIF(I12:I15,"Passed") | C7: =COUNTIF(I12:I15,"Failed") | D7: =COUNTIF(I12:I15,"Pending") | E7: =COUNTIF(I12:I15,"N/A")
A8: Round 3 | B8: =COUNTIF(L12:L15,"Passed") | C8: =COUNTIF(L12:L15,"Failed") | D8: =COUNTIF(L12:L15,"Pending") | E8: =COUNTIF(L12:L15,"N/A")
A10: Test Case ID | B10: Test Case Description | C10: Test Case Procedure | D10: Expected Results | E10: Pre-conditions | F10: Round 1 | G10: Test date | H10: Tester | I10: Round 2 | J10: Test date | K10: Tester | L10: Round 3 | M10: Test date | N10: Tester | O10: Note
A11: History functions
A12: TC-H01 | B12: Report from known fixture | C12: Finalize permitted mission fixture with known samples and incident count; open report. | D12: Metrics match fixture units/coverage and authorized source records; no fabricated missing metrics. | E12: Tagged test build; scoped identities; controlled fixtures; required implementation available. | F12: Pending | I12: Pending | L12: Pending | O12: UC-17–18 / UC-22 | Integration | High
A13: TC-H02 | B13: Sparse / missing telemetry | C13: Finalize empty or partial-coverage fixture. | D13: Unavailable metrics/coverage explicit; not zero or invented complete flight. | E13: Tagged test build; scoped identities; controlled fixtures; required implementation available. | F13: Pending | I13: Pending | L13: Pending | O13: UC-17–18 / UC-22 | Integration | High
A14: TC-H03 | B14: History permissions | C14: Query filters, paging, detail and playback as two Operators and Manager. | D14: Own/managed scope enforced; source route and report refer to correct mission. | E14: Tagged test build; scoped identities; controlled fixtures; required implementation available. | F14: Pending | I14: Pending | L14: Pending | O14: UC-17–18 / UC-22 | Integration | High
A15: TC-H04 | B15: Repeat finalize | C15: Finalize same execution twice; inspect report count and output. | D15: Idempotent behavior defined; no duplicate report or inconsistent totals; repeat-flight policy identified. | E15: Tagged test build; scoped identities; controlled fixtures; required implementation available. | F15: Pending | I15: Pending | L15: Pending | O15: UC-17–18 / UC-22 | Integration | High

Sheet AI
A2: Feature | B2: AI | R2: Passed
A3: Test requirement | B3: UC-19–21 / AI-SCOPE-01 | R3: Failed
A4: Number of TCs | B4: =COUNTA(A12:A16) | R4: Pending
A5: Testing Round | B5: Passed | C5: Failed | D5: Pending | E5: N/A | R5: N/A
A6: Round 1 | B6: =COUNTIF(F12:F16,"Passed") | C6: =COUNTIF(F12:F16,"Failed") | D6: =COUNTIF(F12:F16,"Pending") | E6: =COUNTIF(F12:F16,"N/A")
A7: Round 2 | B7: =COUNTIF(I12:I16,"Passed") | C7: =COUNTIF(I12:I16,"Failed") | D7: =COUNTIF(I12:I16,"Pending") | E7: =COUNTIF(I12:I16,"N/A")
A8: Round 3 | B8: =COUNTIF(L12:L16,"Passed") | C8: =COUNTIF(L12:L16,"Failed") | D8: =COUNTIF(L12:L16,"Pending") | E8: =COUNTIF(L12:L16,"N/A")
A10: Test Case ID | B10: Test Case Description | C10: Test Case Procedure | D10: Expected Results | E10: Pre-conditions | F10: Round 1 | G10: Test date | H10: Tester | I10: Round 2 | J10: Test date | K10: Tester | L10: Round 3 | M10: Test date | N10: Tester | O10: Note
A11: AI functions
A12: TC-A01 | B12: Provider advice provenance | C12: Request assessment for authorized mission/update with configured provider stub success. | D12: Result tied to input context/time/provider; advisory status explicit; no approve command. | E12: Tagged test build; scoped identities; controlled fixtures; required implementation available. | F12: Pending | I12: Pending | L12: Pending | O12: UC-19–21 / AI-SCOPE-01 | Integration | High
A13: TC-A02 | B13: Timeout / rate limit / malformed output | C13: Stub timeout, 429 and invalid response. | D13: Useful unavailable/error state; bounded retry; mission content/approval preserved. | E13: Tagged test build; scoped identities; controlled fixtures; required implementation available. | F13: Pending | I13: Pending | L13: Pending | O13: UC-19–21 / AI-SCOPE-01 | Integration | High
A14: TC-A03 | B14: Cross-scope and sensitive input | C14: Attempt other-user context; inspect sanitized provider request. | D14: Unauthorized context blocked; credentials/media secrets excluded from prompt/log. | E14: Tagged test build; scoped identities; controlled fixtures; required implementation available. | F14: Pending | I14: Pending | L14: Pending | O14: UC-19–21 / AI-SCOPE-01 | Integration | High
A15: TC-A04 | B15: Changed request context | C15: Request advice; change proposal route; reopen earlier advice. | D15: Earlier advice marked with original context and cannot silently validate new route. | E15: Tagged test build; scoped identities; controlled fixtures; required implementation available. | F15: Pending | I15: Pending | L15: Pending | O15: UC-19–21 / AI-SCOPE-01 | Integration | High
A16: TC-A05 | B16: Registered similarity retrieval gap | C16: After supervisor scope confirmation, query known historical corpus with ranked relevant examples. | D16: If retained, show Top-k mission IDs/similarity/incidents and measure relevance; remains Pending/Blocked until implemented. | E16: Tagged test build; scoped identities; controlled fixtures; required implementation available. | F16: Pending | I16: Pending | L16: Pending | O16: UC-19–21 / AI-SCOPE-01 | Integration | High

Sheet Shared
A2: Feature | B2: Shared | R2: Passed
A3: Test requirement | B3: Shared auth / media / quality | R3: Failed
A4: Number of TCs | B4: =COUNTA(A12:A16) | R4: Pending
A5: Testing Round | B5: Passed | C5: Failed | D5: Pending | E5: N/A | R5: N/A
A6: Round 1 | B6: =COUNTIF(F12:F16,"Passed") | C6: =COUNTIF(F12:F16,"Failed") | D6: =COUNTIF(F12:F16,"Pending") | E6: =COUNTIF(F12:F16,"N/A")
A7: Round 2 | B7: =COUNTIF(I12:I16,"Passed") | C7: =COUNTIF(I12:I16,"Failed") | D7: =COUNTIF(I12:I16,"Pending") | E7: =COUNTIF(I12:I16,"N/A")
A8: Round 3 | B8: =COUNTIF(L12:L16,"Passed") | C8: =COUNTIF(L12:L16,"Failed") | D8: =COUNTIF(L12:L16,"Pending") | E8: =COUNTIF(L12:L16,"N/A")
A10: Test Case ID | B10: Test Case Description | C10: Test Case Procedure | D10: Expected Results | E10: Pre-conditions | F10: Round 1 | G10: Test date | H10: Tester | I10: Round 2 | J10: Test date | K10: Tester | L10: Round 3 | M10: Test date | N10: Tester | O10: Note
A11: Shared functions
A12: TC-S01 | B12: Session and first-login OTP | C12: Activate permitted registration with OTP, sign in/out and inspect protected routes. | D12: Correct role/session lifecycle; invalid/expired/replayed OTP denied. | E12: Tagged test build; scoped identities; controlled fixtures; required implementation available. | F12: Pending | I12: Pending | L12: Pending | O12: Shared auth / media / quality | Integration | High
A13: TC-S02 | B13: Avatar and license protection | C13: Upload valid image; try unsupported/oversize file and other-user media; Manager reviews credential change. | D13: Protected media renders; invalid files rejected; current credential preserved until approval. | E13: Tagged test build; scoped identities; controlled fixtures; required implementation available. | F13: Pending | I13: Pending | L13: Pending | O13: Shared auth / media / quality | Integration | High
A14: TC-S03 | B14: Email change and feedback | C14: Request email change to existing email then unique email; verify delivered OTP; retry invalid code. | D14: Duplicate email prominently rejected; unique change applied only after verification; no false success. | E14: Tagged test build; scoped identities; controlled fixtures; required implementation available. | F14: Pending | I14: Pending | L14: Pending | O14: Shared auth / media / quality | Integration | High
A15: TC-S04 | B15: Accessibility and small-screen forms | C15: Keyboard navigate error, route, profile and review forms at desktop and narrow viewport. | D15: Labels/focus/visible status and textual map findings remain usable. | E15: Tagged test build; scoped identities; controlled fixtures; required implementation available. | F15: Pending | I15: Pending | L15: Pending | O15: Shared auth / media / quality | Integration | High
A16: TC-S05 | B16: CI and secrets | C16: Run configured CI on tagged PR; inspect logs/artifacts and repository secret scanning process. | D16: Build/lint/typecheck/offline checks pass with logs; secrets absent; branch protection configured separately. | E16: Tagged test build; scoped identities; controlled fixtures; required implementation available. | F16: Pending | I16: Pending | L16: Pending | O16: Shared auth / media / quality | Integration | High
